 MPG, Cylinders, Displacement, Horsepower, Weight, Acceleration, Model Year, Origin, Displacement On Horsepower, Weight On Cylinder, Acceleration On Horsepower, Acceleration On Cylinders, Fuel Efficiency,
 18.0, 8, 307.0, 130.0, 3504.0, 12.0, 70, 1, 2.3615384615384616, 438.0, 0.09230769230769231, 1.5, LOW,
 15.0, 8, 350.0, 165.0, 3693.0, 11.5, 70, 1, 2.121212121212121, 461.625, 0.0696969696969697, 1.4375, LOW,
 18.0, 8, 318.0, 150.0, 3436.0, 11.0, 70, 1, 2.12, 429.5, 0.07333333333333333, 1.375, LOW,
 16.0, 8, 304.0, 150.0, 3433.0, 12.0, 70, 1, 2.026666666666667, 429.125, 0.08, 1.5, LOW,
 17.0, 8, 302.0, 140.0, 3449.0, 10.5, 70, 1, 2.157142857142857, 431.125, 0.075, 1.3125, LOW,
 15.0, 8, 429.0, 198.0, 4341.0, 10.0, 70, 1, 2.1666666666666665, 542.625, 0.050505050505050504, 1.25, LOW,
 14.0, 8, 454.0, 102.91214470284238, 4354.0, 9.0, 70, 1, 4.411529866673362, 544.25, 0.08745323524242347, 1.125, LOW,
 14.0, 8, 440.0, 215.0, 4312.0, 8.5, 70, 1, 2.046511627906977, 539.0, 0.03953488372093023, 1.0625, LOW,
 14.0, 8, 455.0, 102.91214470284238, 4425.0, 10.0, 70, 1, 4.421246892811409, 553.125, 0.09717026138047052, 1.25, LOW,
 15.0, 8, 390.0, 190.0, 3850.0, 8.5, 70, 1, 2.0526315789473686, 481.25, 0.04473684210526316, 1.0625, LOW,
 15.0, 8, 383.0, 170.0, 3563.0, 10.0, 70, 1, 2.2529411764705882, 445.375, 0.058823529411764705, 1.25, LOW,
 14.0, 8, 340.0, 160.0, 3609.0, 8.0, 70, 1, 2.125, 451.125, 0.05, 1.0, LOW,
 15.0, 8, 400.0, 150.0, 3761.0, 9.5, 70, 1, 2.6666666666666665, 470.125, 0.06333333333333334, 1.1875, LOW,
 14.0, 8, 455.0, 102.91214470284238, 3086.0, 10.0, 70, 1, 4.421246892811409, 385.75, 0.09717026138047052, 1.25, LOW,
 24.0, 4, 113.0, 95.0, 2372.0, 15.0, 70, 3, 1.1894736842105262, 593.0, 0.15789473684210525, 3.75, LOW,
 22.0, 6, 198.0, 95.0, 2833.0, 15.5, 70, 1, 2.0842105263157893, 472.1666666666667, 0.1631578947368421, 2.5833333333333335, LOW,
 18.0, 6, 199.0, 97.0, 2774.0, 15.5, 70, 1, 2.051546391752577, 462.3333333333333, 0.15979381443298968, 2.5833333333333335, LOW,
 21.0, 6, 200.0, 85.0, 2587.0, 16.0, 70, 1, 2.3529411764705883, 431.1666666666667, 0.18823529411764706, 2.6666666666666665, LOW,
 27.0, 4, 97.0, 88.0, 2130.0, 14.5, 70, 3, 1.1022727272727273, 532.5, 0.16477272727272727, 3.625, LOW,
 26.0, 4, 97.0, 46.0, 1835.0, 20.5, 70, 2, 2.108695652173913, 458.75, 0.44565217391304346, 5.125, LOW,
 25.0, 4, 110.0, 87.0, 2672.0, 17.5, 70, 2, 1.264367816091954, 668.0, 0.20114942528735633, 4.375, LOW,
 24.0, 4, 107.0, 90.0, 2430.0, 14.5, 70, 2, 1.1888888888888889, 607.5, 0.16111111111111112, 3.625, LOW,
 25.0, 4, 104.0, 95.0, 2375.0, 17.5, 70, 2, 1.0947368421052632, 593.75, 0.18421052631578946, 4.375, LOW,
 26.0, 4, 121.0, 113.0, 2234.0, 12.5, 70, 2, 1.0707964601769913, 558.5, 0.11061946902654868, 3.125, LOW,
 21.0, 6, 199.0, 90.0, 2648.0, 15.0, 70, 1, 2.2111111111111112, 441.3333333333333, 0.16666666666666666, 2.5, LOW,
 10.0, 8, 360.0, 215.0, 4615.0, 14.0, 70, 1, 1.6744186046511629, 576.875, 0.06511627906976744, 1.75, LOW,
 10.0, 8, 307.0, 200.0, 4376.0, 15.0, 70, 1, 1.535, 547.0, 0.075, 1.875, LOW,
 11.0, 8, 318.0, 210.0, 4382.0, 13.5, 70, 1, 1.5142857142857142, 547.75, 0.06428571428571428, 1.6875, LOW,
 9.0, 8, 304.0, 193.0, 4732.0, 18.5, 70, 1, 1.5751295336787565, 591.5, 0.09585492227979274, 2.3125, LOW,
 27.0, 4, 97.0, 88.0, 2130.0, 14.5, 71, 3, 1.1022727272727273, 532.5, 0.16477272727272727, 3.625, LOW,
 28.0, 4, 140.0, 90.0, 2264.0, 15.5, 71, 1, 1.5555555555555556, 566.0, 0.17222222222222222, 3.875, LOW,
 25.0, 4, 113.0, 95.0, 2228.0, 14.0, 71, 3, 1.1894736842105262, 557.0, 0.14736842105263157, 3.5, LOW,
 25.0, 4, 98.0, 102.91214470284238, 2046.0, 19.0, 71, 1, 0.9522685615286112, 511.5, 0.184623496622894, 4.75, LOW,
 19.0, 6, 232.0, 100.0, 2634.0, 13.0, 71, 1, 2.32, 439.0, 0.13, 2.1666666666666665, LOW,
 16.0, 6, 225.0, 105.0, 3439.0, 15.5, 71, 1, 2.142857142857143, 573.1666666666666, 0.14761904761904762, 2.5833333333333335, LOW,
 17.0, 6, 250.0, 100.0, 3329.0, 15.5, 71, 1, 2.5, 554.8333333333334, 0.155, 2.5833333333333335, LOW,
 19.0, 6, 250.0, 88.0, 3302.0, 15.5, 71, 1, 2.840909090909091, 550.3333333333334, 0.17613636363636365, 2.5833333333333335, LOW,
 18.0, 6, 232.0, 100.0, 3288.0, 15.5, 71, 1, 2.32, 548.0, 0.155, 2.5833333333333335, LOW,
 14.0, 8, 350.0, 165.0, 4209.0, 12.0, 71, 1, 2.121212121212121, 526.125, 0.07272727272727272, 1.5, LOW,
 14.0, 8, 400.0, 175.0, 4464.0, 11.5, 71, 1, 2.2857142857142856, 558.0, 0.06571428571428571, 1.4375, LOW,
 14.0, 8, 351.0, 153.0, 4154.0, 13.5, 71, 1, 2.2941176470588234, 519.25, 0.08823529411764706, 1.6875, LOW,
 14.0, 8, 318.0, 150.0, 4096.0, 13.0, 71, 1, 2.12, 512.0, 0.08666666666666667, 1.625, LOW,
 12.0, 8, 383.0, 180.0, 4955.0, 11.5, 71, 1, 2.1277777777777778, 619.375, 0.06388888888888888, 1.4375, LOW,
 13.0, 8, 400.0, 170.0, 4746.0, 12.0, 71, 1, 2.3529411764705883, 593.25, 0.07058823529411765, 1.5, LOW,
 13.0, 8, 400.0, 175.0, 5140.0, 12.0, 71, 1, 2.2857142857142856, 642.5, 0.06857142857142857, 1.5, LOW,
 18.0, 6, 258.0, 110.0, 2962.0, 13.5, 71, 1, 2.3454545454545452, 493.6666666666667, 0.12272727272727273, 2.25, LOW,
 22.0, 4, 140.0, 72.0, 2408.0, 19.0, 71, 1, 1.9444444444444444, 602.0, 0.2638888888888889, 4.75, LOW,
 19.0, 6, 250.0, 100.0, 3282.0, 15.0, 71, 1, 2.5, 547.0, 0.15, 2.5, LOW,
 18.0, 6, 250.0, 88.0, 3139.0, 14.5, 71, 1, 2.840909090909091, 523.1666666666666, 0.16477272727272727, 2.4166666666666665, LOW,
 23.0, 4, 122.0, 86.0, 2220.0, 14.0, 71, 1, 1.4186046511627908, 555.0, 0.16279069767441862, 3.5, LOW,
 28.0, 4, 116.0, 90.0, 2123.0, 14.0, 71, 2, 1.288888888888889, 530.75, 0.15555555555555556, 3.5, LOW,
 30.0, 4, 79.0, 70.0, 2074.0, 19.5, 71, 2, 1.1285714285714286, 518.5, 0.2785714285714286, 4.875, LOW,
 30.0, 4, 88.0, 76.0, 2065.0, 14.5, 71, 2, 1.1578947368421053, 516.25, 0.19078947368421054, 3.625, LOW,
 31.0, 4, 71.0, 65.0, 1773.0, 19.0, 71, 3, 1.0923076923076922, 443.25, 0.2923076923076923, 4.75, HIGH,
 35.0, 4, 72.0, 69.0, 1613.0, 18.0, 71, 3, 1.0434782608695652, 403.25, 0.2608695652173913, 4.5, HIGH,
 27.0, 4, 97.0, 60.0, 1834.0, 19.0, 71, 2, 1.6166666666666667, 458.5, 0.31666666666666665, 4.75, LOW,
 26.0, 4, 91.0, 70.0, 1955.0, 20.5, 71, 1, 1.3, 488.75, 0.29285714285714287, 5.125, LOW,
 24.0, 4, 113.0, 95.0, 2278.0, 15.5, 72, 3, 1.1894736842105262, 569.5, 0.1631578947368421, 3.875, LOW,
 25.0, 4, 97.5, 80.0, 2126.0, 17.0, 72, 1, 1.21875, 531.5, 0.2125, 4.25, LOW,
 23.0, 4, 97.0, 54.0, 2254.0, 23.5, 72, 2, 1.7962962962962963, 563.5, 0.4351851851851852, 5.875, LOW,
 20.0, 4, 140.0, 90.0, 2408.0, 19.5, 72, 1, 1.5555555555555556, 602.0, 0.21666666666666667, 4.875, LOW,
 21.0, 4, 122.0, 86.0, 2226.0, 16.5, 72, 1, 1.4186046511627908, 556.5, 0.19186046511627908, 4.125, LOW,
 13.0, 8, 350.0, 165.0, 4274.0, 12.0, 72, 1, 2.121212121212121, 534.25, 0.07272727272727272, 1.5, LOW,
 14.0, 8, 400.0, 175.0, 4385.0, 12.0, 72, 1, 2.2857142857142856, 548.125, 0.06857142857142857, 1.5, LOW,
 15.0, 8, 318.0, 150.0, 4135.0, 13.5, 72, 1, 2.12, 516.875, 0.09, 1.6875, LOW,
 14.0, 8, 351.0, 153.0, 4129.0, 13.0, 72, 1, 2.2941176470588234, 516.125, 0.08496732026143791, 1.625, LOW,
 17.0, 8, 304.0, 150.0, 3672.0, 11.5, 72, 1, 2.026666666666667, 459.0, 0.07666666666666666, 1.4375, LOW,
 11.0, 8, 429.0, 208.0, 4633.0, 11.0, 72, 1, 2.0625, 579.125, 0.052884615384615384, 1.375, LOW,
 13.0, 8, 350.0, 155.0, 4502.0, 13.5, 72, 1, 2.2580645161290325, 562.75, 0.08709677419354839, 1.6875, LOW,
 12.0, 8, 350.0, 160.0, 4456.0, 13.5, 72, 1, 2.1875, 557.0, 0.084375, 1.6875, LOW,
 13.0, 8, 400.0, 190.0, 4422.0, 12.5, 72, 1, 2.1052631578947367, 552.75, 0.06578947368421052, 1.5625, LOW,
 19.0, 3, 70.0, 97.0, 2330.0, 13.5, 72, 3, 0.7216494845360825, 776.6666666666666, 0.13917525773195877, 4.5, LOW,
 15.0, 8, 304.0, 150.0, 3892.0, 12.5, 72, 1, 2.026666666666667, 486.5, 0.08333333333333333, 1.5625, LOW,
 13.0, 8, 307.0, 130.0, 4098.0, 14.0, 72, 1, 2.3615384615384616, 512.25, 0.1076923076923077, 1.75, LOW,
 13.0, 8, 302.0, 140.0, 4294.0, 16.0, 72, 1, 2.157142857142857, 536.75, 0.11428571428571428, 2.0, LOW,
 14.0, 8, 318.0, 150.0, 4077.0, 14.0, 72, 1, 2.12, 509.625, 0.09333333333333334, 1.75, LOW,
 18.0, 4, 121.0, 112.0, 2933.0, 14.5, 72, 2, 1.0803571428571428, 733.25, 0.12946428571428573, 3.625, LOW,
 22.0, 4, 121.0, 76.0, 2511.0, 18.0, 72, 2, 1.5921052631578947, 627.75, 0.23684210526315788, 4.5, LOW,
 21.0, 4, 120.0, 87.0, 2979.0, 19.5, 72, 2, 1.3793103448275863, 744.75, 0.22413793103448276, 4.875, LOW,
 26.0, 4, 96.0, 69.0, 2189.0, 18.0, 72, 2, 1.391304347826087, 547.25, 0.2608695652173913, 4.5, LOW,
 22.0, 4, 122.0, 86.0, 2395.0, 16.0, 72, 1, 1.4186046511627908, 598.75, 0.18604651162790697, 4.0, LOW,
 28.0, 4, 97.0, 92.0, 2288.0, 17.0, 72, 3, 1.0543478260869565, 572.0, 0.18478260869565216, 4.25, LOW,
 23.0, 4, 120.0, 97.0, 2506.0, 14.5, 72, 3, 1.2371134020618557, 626.5, 0.14948453608247422, 3.625, LOW,
 28.0, 4, 98.0, 80.0, 2164.0, 15.0, 72, 1, 1.225, 541.0, 0.1875, 3.75, LOW,
 27.0, 4, 97.0, 88.0, 2100.0, 16.5, 72, 3, 1.1022727272727273, 525.0, 0.1875, 4.125, LOW,
 13.0, 8, 350.0, 175.0, 4100.0, 13.0, 73, 1, 2.0, 512.5, 0.07428571428571429, 1.625, LOW,
 14.0, 8, 304.0, 150.0, 3672.0, 11.5, 73, 1, 2.026666666666667, 459.0, 0.07666666666666666, 1.4375, LOW,
 13.0, 8, 350.0, 145.0, 3988.0, 13.0, 73, 1, 2.413793103448276, 498.5, 0.0896551724137931, 1.625, LOW,
 14.0, 8, 302.0, 137.0, 4042.0, 14.5, 73, 1, 2.204379562043796, 505.25, 0.10583941605839416, 1.8125, LOW,
 15.0, 8, 318.0, 150.0, 3777.0, 12.5, 73, 1, 2.12, 472.125, 0.08333333333333333, 1.5625, LOW,
 12.0, 8, 429.0, 198.0, 4952.0, 11.5, 73, 1, 2.1666666666666665, 619.0, 0.05808080808080808, 1.4375, LOW,
 13.0, 8, 400.0, 150.0, 4464.0, 12.0, 73, 1, 2.6666666666666665, 558.0, 0.08, 1.5, LOW,
 13.0, 8, 351.0, 158.0, 4363.0, 13.0, 73, 1, 2.221518987341772, 545.375, 0.08227848101265822, 1.625, LOW,
 14.0, 8, 318.0, 150.0, 4237.0, 14.5, 73, 1, 2.12, 529.625, 0.09666666666666666, 1.8125, LOW,
 13.0, 8, 440.0, 215.0, 4735.0, 11.0, 73, 1, 2.046511627906977, 591.875, 0.05116279069767442, 1.375, LOW,
 12.0, 8, 455.0, 102.91214470284238, 4951.0, 11.0, 73, 1, 4.421246892811409, 618.875, 0.10688728751851759, 1.375, LOW,
 13.0, 8, 360.0, 175.0, 3821.0, 11.0, 73, 1, 2.057142857142857, 477.625, 0.06285714285714286, 1.375, LOW,
 18.0, 6, 225.0, 105.0, 3121.0, 16.5, 73, 1, 2.142857142857143, 520.1666666666666, 0.15714285714285714, 2.75, LOW,
 16.0, 6, 250.0, 100.0, 3278.0, 18.0, 73, 1, 2.5, 546.3333333333334, 0.18, 3.0, LOW,
 18.0, 6, 232.0, 100.0, 2945.0, 16.0, 73, 1, 2.32, 490.8333333333333, 0.16, 2.6666666666666665, LOW,
 18.0, 6, 250.0, 88.0, 3021.0, 16.5, 73, 1, 2.840909090909091, 503.5, 0.1875, 2.75, LOW,
 23.0, 6, 198.0, 95.0, 2904.0, 16.0, 73, 1, 2.0842105263157893, 484.0, 0.16842105263157894, 2.6666666666666665, LOW,
 26.0, 4, 97.0, 46.0, 1950.0, 21.0, 73, 2, 2.108695652173913, 487.5, 0.45652173913043476, 5.25, LOW,
 11.0, 8, 400.0, 150.0, 4997.0, 14.0, 73, 1, 2.6666666666666665, 624.625, 0.09333333333333334, 1.75, LOW,
 12.0, 8, 400.0, 167.0, 4906.0, 12.5, 73, 1, 2.395209580838323, 613.25, 0.0748502994011976, 1.5625, LOW,
 13.0, 8, 360.0, 170.0, 4654.0, 13.0, 73, 1, 2.1176470588235294, 581.75, 0.07647058823529412, 1.625, LOW,
 12.0, 8, 350.0, 180.0, 4499.0, 12.5, 73, 1, 1.9444444444444444, 562.375, 0.06944444444444445, 1.5625, LOW,
 18.0, 6, 232.0, 100.0, 2789.0, 15.0, 73, 1, 2.32, 464.8333333333333, 0.15, 2.5, LOW,
 20.0, 4, 97.0, 88.0, 2279.0, 19.0, 73, 3, 1.1022727272727273, 569.75, 0.2159090909090909, 4.75, LOW,
 21.0, 4, 140.0, 72.0, 2401.0, 19.5, 73, 1, 1.9444444444444444, 600.25, 0.2708333333333333, 4.875, LOW,
 22.0, 4, 108.0, 94.0, 2379.0, 16.5, 73, 3, 1.148936170212766, 594.75, 0.17553191489361702, 4.125, LOW,
 18.0, 3, 70.0, 90.0, 2124.0, 13.5, 73, 3, 0.7777777777777778, 708.0, 0.15, 4.5, LOW,
 19.0, 4, 122.0, 85.0, 2310.0, 18.5, 73, 1, 1.4352941176470588, 577.5, 0.21764705882352942, 4.625, LOW,
 21.0, 6, 155.0, 107.0, 2472.0, 14.0, 73, 1, 1.4485981308411215, 412.0, 0.1308411214953271, 2.3333333333333335, LOW,
 26.0, 4, 98.0, 90.0, 2265.0, 15.5, 73, 2, 1.0888888888888888, 566.25, 0.17222222222222222, 3.875, LOW,
 15.0, 8, 350.0, 145.0, 4082.0, 13.0, 73, 1, 2.413793103448276, 510.25, 0.0896551724137931, 1.625, LOW,
 16.0, 8, 400.0, 102.91214470284238, 4278.0, 9.5, 73, 1, 3.8868104552188214, 534.75, 0.092311748311447, 1.1875, LOW,
 29.0, 4, 68.0, 49.0, 1867.0, 19.5, 73, 2, 1.3877551020408163, 466.75, 0.3979591836734694, 4.875, LOW,
 24.0, 4, 116.0, 75.0, 2158.0, 15.5, 73, 2, 1.5466666666666666, 539.5, 0.20666666666666667, 3.875, LOW,
 20.0, 4, 114.0, 91.0, 2582.0, 14.0, 73, 2, 1.2527472527472527, 645.5, 0.15384615384615385, 3.5, LOW,
 19.0, 4, 121.0, 112.0, 2868.0, 15.5, 73, 2, 1.0803571428571428, 717.0, 0.13839285714285715, 3.875, LOW,
 15.0, 8, 318.0, 150.0, 3399.0, 11.0, 73, 1, 2.12, 424.875, 0.07333333333333333, 1.375, LOW,
 24.0, 4, 121.0, 110.0, 2660.0, 14.0, 73, 2, 1.1, 665.0, 0.12727272727272726, 3.5, LOW,
 20.0, 6, 156.0, 122.0, 2807.0, 13.5, 73, 3, 1.278688524590164, 467.8333333333333, 0.11065573770491803, 2.25, LOW,
 11.0, 8, 350.0, 180.0, 3664.0, 11.0, 73, 1, 1.9444444444444444, 458.0, 0.06111111111111111, 1.375, LOW,
 20.0, 6, 198.0, 95.0, 3102.0, 16.5, 74, 1, 2.0842105263157893, 517.0, 0.1736842105263158, 2.75, LOW,
 21.0, 6, 200.0, 102.91214470284238, 2875.0, 17.0, 74, 1, 1.9434052276094107, 479.1666666666667, 0.1651894443467999, 2.8333333333333335, LOW,
 19.0, 6, 232.0, 100.0, 2901.0, 16.0, 74, 1, 2.32, 483.5, 0.16, 2.6666666666666665, LOW,
 15.0, 6, 250.0, 100.0, 3336.0, 17.0, 74, 1, 2.5, 556.0, 0.17, 2.8333333333333335, LOW,
 31.0, 4, 79.0, 67.0, 1950.0, 19.0, 74, 3, 1.1791044776119404, 487.5, 0.2835820895522388, 4.75, HIGH,
 26.0, 4, 122.0, 80.0, 2451.0, 16.5, 74, 1, 1.525, 612.75, 0.20625, 4.125, LOW,
 32.0, 4, 71.0, 65.0, 1836.0, 21.0, 74, 3, 1.0923076923076922, 459.0, 0.3230769230769231, 5.25, HIGH,
 25.0, 4, 140.0, 75.0, 2542.0, 17.0, 74, 1, 1.8666666666666667, 635.5, 0.22666666666666666, 4.25, LOW,
 16.0, 6, 250.0, 100.0, 3781.0, 17.0, 74, 1, 2.5, 630.1666666666666, 0.17, 2.8333333333333335, LOW,
 16.0, 6, 258.0, 110.0, 3632.0, 18.0, 74, 1, 2.3454545454545452, 605.3333333333334, 0.16363636363636364, 3.0, LOW,
 18.0, 6, 225.0, 105.0, 3613.0, 16.5, 74, 1, 2.142857142857143, 602.1666666666666, 0.15714285714285714, 2.75, LOW,
 16.0, 8, 302.0, 140.0, 4141.0, 14.0, 74, 1, 2.157142857142857, 517.625, 0.1, 1.75, LOW,
 13.0, 8, 350.0, 150.0, 4699.0, 14.5, 74, 1, 2.3333333333333335, 587.375, 0.09666666666666666, 1.8125, LOW,
 14.0, 8, 318.0, 150.0, 4457.0, 13.5, 74, 1, 2.12, 557.125, 0.09, 1.6875, LOW,
 14.0, 8, 302.0, 140.0, 4638.0, 16.0, 74, 1, 2.157142857142857, 579.75, 0.11428571428571428, 2.0, LOW,
 14.0, 8, 304.0, 150.0, 4257.0, 15.5, 74, 1, 2.026666666666667, 532.125, 0.10333333333333333, 1.9375, LOW,
 29.0, 4, 98.0, 83.0, 2219.0, 16.5, 74, 2, 1.180722891566265, 554.75, 0.19879518072289157, 4.125, LOW,
 26.0, 4, 79.0, 67.0, 1963.0, 15.5, 74, 2, 1.1791044776119404, 490.75, 0.23134328358208955, 3.875, LOW,
 26.0, 4, 97.0, 78.0, 2300.0, 14.5, 74, 2, 1.2435897435897436, 575.0, 0.1858974358974359, 3.625, LOW,
 31.0, 4, 76.0, 52.0, 1649.0, 16.5, 74, 3, 1.4615384615384615, 412.25, 0.3173076923076923, 4.125, HIGH,
 32.0, 4, 83.0, 61.0, 2003.0, 19.0, 74, 3, 1.360655737704918, 500.75, 0.3114754098360656, 4.75, HIGH,
 28.0, 4, 90.0, 75.0, 2125.0, 14.5, 74, 1, 1.2, 531.25, 0.19333333333333333, 3.625, LOW,
 24.0, 4, 90.0, 75.0, 2108.0, 15.5, 74, 2, 1.2, 527.0, 0.20666666666666667, 3.875, LOW,
 26.0, 4, 116.0, 75.0, 2246.0, 14.0, 74, 2, 1.5466666666666666, 561.5, 0.18666666666666668, 3.5, LOW,
 24.0, 4, 120.0, 97.0, 2489.0, 15.0, 74, 3, 1.2371134020618557, 622.25, 0.15463917525773196, 3.75, LOW,
 26.0, 4, 108.0, 93.0, 2391.0, 15.5, 74, 3, 1.1612903225806452, 597.75, 0.16666666666666666, 3.875, LOW,
 31.0, 4, 79.0, 67.0, 2000.0, 16.0, 74, 2, 1.1791044776119404, 500.0, 0.23880597014925373, 4.0, HIGH,
 19.0, 6, 225.0, 95.0, 3264.0, 16.0, 75, 1, 2.3684210526315788, 544.0, 0.16842105263157894, 2.6666666666666665, LOW,
 18.0, 6, 250.0, 105.0, 3459.0, 16.0, 75, 1, 2.380952380952381, 576.5, 0.1523809523809524, 2.6666666666666665, LOW,
 15.0, 6, 250.0, 72.0, 3432.0, 21.0, 75, 1, 3.4722222222222223, 572.0, 0.2916666666666667, 3.5, LOW,
 15.0, 6, 250.0, 72.0, 3158.0, 19.5, 75, 1, 3.4722222222222223, 526.3333333333334, 0.2708333333333333, 3.25, LOW,
 16.0, 8, 400.0, 170.0, 4668.0, 11.5, 75, 1, 2.3529411764705883, 583.5, 0.06764705882352941, 1.4375, LOW,
 15.0, 8, 350.0, 145.0, 4440.0, 14.0, 75, 1, 2.413793103448276, 555.0, 0.09655172413793103, 1.75, LOW,
 16.0, 8, 318.0, 150.0, 4498.0, 14.5, 75, 1, 2.12, 562.25, 0.09666666666666666, 1.8125, LOW,
 14.0, 8, 351.0, 148.0, 4657.0, 13.5, 75, 1, 2.3716216216216215, 582.125, 0.09121621621621621, 1.6875, LOW,
 17.0, 6, 231.0, 110.0, 3907.0, 21.0, 75, 1, 2.1, 651.1666666666666, 0.19090909090909092, 3.5, LOW,
 16.0, 6, 250.0, 105.0, 3897.0, 18.5, 75, 1, 2.380952380952381, 649.5, 0.1761904761904762, 3.0833333333333335, LOW,
 15.0, 6, 258.0, 110.0, 3730.0, 19.0, 75, 1, 2.3454545454545452, 621.6666666666666, 0.17272727272727273, 3.1666666666666665, LOW,
 18.0, 6, 225.0, 95.0, 3785.0, 19.0, 75, 1, 2.3684210526315788, 630.8333333333334, 0.2, 3.1666666666666665, LOW,
 21.0, 6, 231.0, 110.0, 3039.0, 15.0, 75, 1, 2.1, 506.5, 0.13636363636363635, 2.5, LOW,
 20.0, 8, 262.0, 110.0, 3221.0, 13.5, 75, 1, 2.381818181818182, 402.625, 0.12272727272727273, 1.6875, LOW,
 13.0, 8, 302.0, 129.0, 3169.0, 12.0, 75, 1, 2.3410852713178296, 396.125, 0.09302325581395349, 1.5, LOW,
 29.0, 4, 97.0, 75.0, 2171.0, 16.0, 75, 3, 1.2933333333333332, 542.75, 0.21333333333333335, 4.0, LOW,
 23.0, 4, 140.0, 83.0, 2639.0, 17.0, 75, 1, 1.6867469879518073, 659.75, 0.20481927710843373, 4.25, LOW,
 20.0, 6, 232.0, 100.0, 2914.0, 16.0, 75, 1, 2.32, 485.6666666666667, 0.16, 2.6666666666666665, LOW,
 23.0, 4, 140.0, 78.0, 2592.0, 18.5, 75, 1, 1.794871794871795, 648.0, 0.23717948717948717, 4.625, LOW,
 24.0, 4, 134.0, 96.0, 2702.0, 13.5, 75, 3, 1.3958333333333333, 675.5, 0.140625, 3.375, LOW,
 25.0, 4, 90.0, 71.0, 2223.0, 16.5, 75, 2, 1.267605633802817, 555.75, 0.2323943661971831, 4.125, LOW,
 24.0, 4, 119.0, 97.0, 2545.0, 17.0, 75, 3, 1.2268041237113403, 636.25, 0.17525773195876287, 4.25, LOW,
 18.0, 6, 171.0, 97.0, 2984.0, 14.5, 75, 1, 1.7628865979381443, 497.3333333333333, 0.14948453608247422, 2.4166666666666665, LOW,
 29.0, 4, 90.0, 70.0, 1937.0, 14.0, 75, 2, 1.2857142857142858, 484.25, 0.2, 3.5, LOW,
 19.0, 6, 232.0, 90.0, 3211.0, 17.0, 75, 1, 2.577777777777778, 535.1666666666666, 0.18888888888888888, 2.8333333333333335, LOW,
 23.0, 4, 115.0, 95.0, 2694.0, 15.0, 75, 2, 1.2105263157894737, 673.5, 0.15789473684210525, 3.75, LOW,
 23.0, 4, 120.0, 88.0, 2957.0, 17.0, 75, 2, 1.3636363636363635, 739.25, 0.19318181818181818, 4.25, LOW,
 22.0, 4, 121.0, 98.0, 2945.0, 14.5, 75, 2, 1.2346938775510203, 736.25, 0.14795918367346939, 3.625, LOW,
 25.0, 4, 121.0, 115.0, 2671.0, 13.5, 75, 2, 1.0521739130434782, 667.75, 0.11739130434782609, 3.375, LOW,
 33.0, 4, 91.0, 53.0, 1795.0, 17.5, 75, 3, 1.7169811320754718, 448.75, 0.330188679245283, 4.375, HIGH,
 28.0, 4, 107.0, 86.0, 2464.0, 15.5, 76, 2, 1.244186046511628, 616.0, 0.18023255813953487, 3.875, LOW,
 25.0, 4, 116.0, 81.0, 2220.0, 16.9, 76, 2, 1.4320987654320987, 555.0, 0.20864197530864195, 4.225, LOW,
 25.0, 4, 140.0, 92.0, 2572.0, 14.9, 76, 1, 1.5217391304347827, 643.0, 0.16195652173913044, 3.725, LOW,
 26.0, 4, 98.0, 79.0, 2255.0, 17.7, 76, 1, 1.240506329113924, 563.75, 0.2240506329113924, 4.425, LOW,
 27.0, 4, 101.0, 83.0, 2202.0, 15.3, 76, 2, 1.216867469879518, 550.5, 0.18433734939759036, 3.825, LOW,
 17.5, 8, 305.0, 140.0, 4215.0, 13.0, 76, 1, 2.1785714285714284, 526.875, 0.09285714285714286, 1.625, LOW,
 16.0, 8, 318.0, 150.0, 4190.0, 13.0, 76, 1, 2.12, 523.75, 0.08666666666666667, 1.625, LOW,
 15.5, 8, 304.0, 120.0, 3962.0, 13.9, 76, 1, 2.533333333333333, 495.25, 0.11583333333333333, 1.7375, LOW,
 14.5, 8, 351.0, 152.0, 4215.0, 12.8, 76, 1, 2.3092105263157894, 526.875, 0.08421052631578947, 1.6, LOW,
 22.0, 6, 225.0, 100.0, 3233.0, 15.4, 76, 1, 2.25, 538.8333333333334, 0.154, 2.566666666666667, LOW,
 22.0, 6, 250.0, 105.0, 3353.0, 14.5, 76, 1, 2.380952380952381, 558.8333333333334, 0.1380952380952381, 2.4166666666666665, LOW,
 24.0, 6, 200.0, 81.0, 3012.0, 17.6, 76, 1, 2.4691358024691357, 502.0, 0.21728395061728398, 2.9333333333333336, LOW,
 22.5, 6, 232.0, 90.0, 3085.0, 17.6, 76, 1, 2.577777777777778, 514.1666666666666, 0.19555555555555557, 2.9333333333333336, LOW,
 29.0, 4, 85.0, 52.0, 2035.0, 22.2, 76, 1, 1.6346153846153846, 508.75, 0.4269230769230769, 5.55, LOW,
 24.5, 4, 98.0, 60.0, 2164.0, 22.1, 76, 1, 1.6333333333333333, 541.0, 0.36833333333333335, 5.525, LOW,
 29.0, 4, 90.0, 70.0, 1937.0, 14.2, 76, 2, 1.2857142857142858, 484.25, 0.20285714285714285, 3.55, LOW,
 33.0, 4, 91.0, 53.0, 1795.0, 17.4, 76, 3, 1.7169811320754718, 448.75, 0.3283018867924528, 4.35, HIGH,
 20.0, 6, 225.0, 100.0, 3651.0, 17.7, 76, 1, 2.25, 608.5, 0.177, 2.9499999999999997, LOW,
 18.0, 6, 250.0, 78.0, 3574.0, 21.0, 76, 1, 3.2051282051282053, 595.6666666666666, 0.2692307692307692, 3.5, LOW,
 18.5, 6, 250.0, 110.0, 3645.0, 16.2, 76, 1, 2.272727272727273, 607.5, 0.14727272727272728, 2.6999999999999997, LOW,
 17.5, 6, 258.0, 95.0, 3193.0, 17.8, 76, 1, 2.7157894736842105, 532.1666666666666, 0.18736842105263157, 2.966666666666667, LOW,
 29.5, 4, 97.0, 71.0, 1825.0, 12.2, 76, 2, 1.3661971830985915, 456.25, 0.17183098591549295, 3.05, LOW,
 32.0, 4, 85.0, 70.0, 1990.0, 17.0, 76, 3, 1.2142857142857142, 497.5, 0.24285714285714285, 4.25, HIGH,
 28.0, 4, 97.0, 75.0, 2155.0, 16.4, 76, 3, 1.2933333333333332, 538.75, 0.21866666666666665, 4.1, LOW,
 26.5, 4, 140.0, 72.0, 2565.0, 13.6, 76, 1, 1.9444444444444444, 641.25, 0.18888888888888888, 3.4, LOW,
 20.0, 4, 130.0, 102.0, 3150.0, 15.7, 76, 2, 1.2745098039215685, 787.5, 0.15392156862745096, 3.925, LOW,
 13.0, 8, 318.0, 150.0, 3940.0, 13.2, 76, 1, 2.12, 492.5, 0.088, 1.65, LOW,
 19.0, 4, 120.0, 88.0, 3270.0, 21.9, 76, 2, 1.3636363636363635, 817.5, 0.24886363636363634, 5.475, LOW,
 19.0, 6, 156.0, 108.0, 2930.0, 15.5, 76, 3, 1.4444444444444444, 488.3333333333333, 0.14351851851851852, 2.5833333333333335, LOW,
 16.5, 6, 168.0, 120.0, 3820.0, 16.7, 76, 2, 1.4, 636.6666666666666, 0.13916666666666666, 2.783333333333333, LOW,
 16.5, 8, 350.0, 180.0, 4380.0, 12.1, 76, 1, 1.9444444444444444, 547.5, 0.06722222222222222, 1.5125, LOW,
 13.0, 8, 350.0, 145.0, 4055.0, 12.0, 76, 1, 2.413793103448276, 506.875, 0.08275862068965517, 1.5, LOW,
 13.0, 8, 302.0, 130.0, 3870.0, 15.0, 76, 1, 2.3230769230769233, 483.75, 0.11538461538461539, 1.875, LOW,
 13.0, 8, 318.0, 150.0, 3755.0, 14.0, 76, 1, 2.12, 469.375, 0.09333333333333334, 1.75, LOW,
 31.5, 4, 98.0, 68.0, 2045.0, 18.5, 77, 3, 1.4411764705882353, 511.25, 0.27205882352941174, 4.625, HIGH,
 30.0, 4, 111.0, 80.0, 2155.0, 14.8, 77, 1, 1.3875, 538.75, 0.185, 3.7, LOW,
 36.0, 4, 79.0, 58.0, 1825.0, 18.6, 77, 2, 1.3620689655172413, 456.25, 0.3206896551724138, 4.65, HIGH,
 25.5, 4, 122.0, 96.0, 2300.0, 15.5, 77, 1, 1.2708333333333333, 575.0, 0.16145833333333334, 3.875, LOW,
 33.5, 4, 85.0, 70.0, 1945.0, 16.8, 77, 3, 1.2142857142857142, 486.25, 0.24000000000000002, 4.2, HIGH,
 17.5, 8, 305.0, 145.0, 3880.0, 12.5, 77, 1, 2.103448275862069, 485.0, 0.08620689655172414, 1.5625, LOW,
 17.0, 8, 260.0, 110.0, 4060.0, 19.0, 77, 1, 2.3636363636363638, 507.5, 0.17272727272727273, 2.375, LOW,
 15.5, 8, 318.0, 145.0, 4140.0, 13.7, 77, 1, 2.193103448275862, 517.5, 0.09448275862068965, 1.7125, LOW,
 15.0, 8, 302.0, 130.0, 4295.0, 14.9, 77, 1, 2.3230769230769233, 536.875, 0.11461538461538462, 1.8625, LOW,
 17.5, 6, 250.0, 110.0, 3520.0, 16.4, 77, 1, 2.272727272727273, 586.6666666666666, 0.14909090909090908, 2.733333333333333, LOW,
 20.5, 6, 231.0, 105.0, 3425.0, 16.9, 77, 1, 2.2, 570.8333333333334, 0.16095238095238093, 2.8166666666666664, LOW,
 19.0, 6, 225.0, 100.0, 3630.0, 17.7, 77, 1, 2.25, 605.0, 0.177, 2.9499999999999997, LOW,
 18.5, 6, 250.0, 98.0, 3525.0, 19.0, 77, 1, 2.5510204081632653, 587.5, 0.19387755102040816, 3.1666666666666665, LOW,
 16.0, 8, 400.0, 180.0, 4220.0, 11.1, 77, 1, 2.2222222222222223, 527.5, 0.06166666666666666, 1.3875, LOW,
 15.5, 8, 350.0, 170.0, 4165.0, 11.4, 77, 1, 2.0588235294117645, 520.625, 0.06705882352941177, 1.425, LOW,
 15.5, 8, 400.0, 190.0, 4325.0, 12.2, 77, 1, 2.1052631578947367, 540.625, 0.06421052631578947, 1.525, LOW,
 16.0, 8, 351.0, 149.0, 4335.0, 14.5, 77, 1, 2.3557046979865772, 541.875, 0.09731543624161074, 1.8125, LOW,
 29.0, 4, 97.0, 78.0, 1940.0, 14.5, 77, 2, 1.2435897435897436, 485.0, 0.1858974358974359, 3.625, LOW,
 24.5, 4, 151.0, 88.0, 2740.0, 16.0, 77, 1, 1.7159090909090908, 685.0, 0.18181818181818182, 4.0, LOW,
 26.0, 4, 97.0, 75.0, 2265.0, 18.2, 77, 3, 1.2933333333333332, 566.25, 0.24266666666666667, 4.55, LOW,
 25.5, 4, 140.0, 89.0, 2755.0, 15.8, 77, 1, 1.5730337078651686, 688.75, 0.17752808988764046, 3.95, LOW,
 30.5, 4, 98.0, 63.0, 2051.0, 17.0, 77, 1, 1.5555555555555556, 512.75, 0.2698412698412698, 4.25, HIGH,
 33.5, 4, 98.0, 83.0, 2075.0, 15.9, 77, 1, 1.180722891566265, 518.75, 0.19156626506024096, 3.975, HIGH,
 30.0, 4, 97.0, 67.0, 1985.0, 16.4, 77, 3, 1.4477611940298507, 496.25, 0.24477611940298505, 4.1, LOW,
 30.5, 4, 97.0, 78.0, 2190.0, 14.1, 77, 2, 1.2435897435897436, 547.5, 0.18076923076923077, 3.525, HIGH,
 22.0, 6, 146.0, 97.0, 2815.0, 14.5, 77, 3, 1.5051546391752577, 469.1666666666667, 0.14948453608247422, 2.4166666666666665, LOW,
 21.5, 4, 121.0, 110.0, 2600.0, 12.8, 77, 2, 1.1, 650.0, 0.11636363636363636, 3.2, LOW,
 21.5, 3, 80.0, 110.0, 2720.0, 13.5, 77, 3, 0.7272727272727273, 906.6666666666666, 0.12272727272727273, 4.5, LOW,
 43.1, 4, 90.0, 48.0, 1985.0, 21.5, 78, 2, 1.875, 496.25, 0.4479166666666667, 5.375, HIGH,
 36.1, 4, 98.0, 66.0, 1800.0, 14.4, 78, 1, 1.4848484848484849, 450.0, 0.2181818181818182, 3.6, HIGH,
 32.8, 4, 78.0, 52.0, 1985.0, 19.4, 78, 3, 1.5, 496.25, 0.37307692307692303, 4.85, HIGH,
 39.4, 4, 85.0, 70.0, 2070.0, 18.6, 78, 3, 1.2142857142857142, 517.5, 0.26571428571428574, 4.65, HIGH,
 36.1, 4, 91.0, 60.0, 1800.0, 16.4, 78, 3, 1.5166666666666666, 450.0, 0.2733333333333333, 4.1, HIGH,
 19.9, 8, 260.0, 110.0, 3365.0, 15.5, 78, 1, 2.3636363636363638, 420.625, 0.1409090909090909, 1.9375, LOW,
 19.4, 8, 318.0, 140.0, 3735.0, 13.2, 78, 1, 2.2714285714285714, 466.875, 0.09428571428571428, 1.65, LOW,
 20.2, 8, 302.0, 139.0, 3570.0, 12.8, 78, 1, 2.172661870503597, 446.25, 0.0920863309352518, 1.6, LOW,
 19.2, 6, 231.0, 105.0, 3535.0, 19.2, 78, 1, 2.2, 589.1666666666666, 0.18285714285714286, 3.1999999999999997, LOW,
 20.5, 6, 200.0, 95.0, 3155.0, 18.2, 78, 1, 2.1052631578947367, 525.8333333333334, 0.19157894736842104, 3.033333333333333, LOW,
 20.2, 6, 200.0, 85.0, 2965.0, 15.8, 78, 1, 2.3529411764705883, 494.1666666666667, 0.18588235294117647, 2.6333333333333333, LOW,
 25.1, 4, 140.0, 88.0, 2720.0, 15.4, 78, 1, 1.5909090909090908, 680.0, 0.17500000000000002, 3.85, LOW,
 20.5, 6, 225.0, 100.0, 3430.0, 17.2, 78, 1, 2.25, 571.6666666666666, 0.172, 2.8666666666666667, LOW,
 19.4, 6, 232.0, 90.0, 3210.0, 17.2, 78, 1, 2.577777777777778, 535.0, 0.1911111111111111, 2.8666666666666667, LOW,
 20.6, 6, 231.0, 105.0, 3380.0, 15.8, 78, 1, 2.2, 563.3333333333334, 0.15047619047619049, 2.6333333333333333, LOW,
 20.8, 6, 200.0, 85.0, 3070.0, 16.7, 78, 1, 2.3529411764705883, 511.6666666666667, 0.19647058823529412, 2.783333333333333, LOW,
 18.6, 6, 225.0, 110.0, 3620.0, 18.7, 78, 1, 2.0454545454545454, 603.3333333333334, 0.16999999999999998, 3.1166666666666667, LOW,
 18.1, 6, 258.0, 120.0, 3410.0, 15.1, 78, 1, 2.15, 568.3333333333334, 0.12583333333333332, 2.5166666666666666, LOW,
 19.2, 8, 305.0, 145.0, 3425.0, 13.2, 78, 1, 2.103448275862069, 428.125, 0.09103448275862068, 1.65, LOW,
 17.7, 6, 231.0, 165.0, 3445.0, 13.4, 78, 1, 1.4, 574.1666666666666, 0.08121212121212121, 2.2333333333333334, LOW,
 18.1, 8, 302.0, 139.0, 3205.0, 11.2, 78, 1, 2.172661870503597, 400.625, 0.08057553956834532, 1.4, LOW,
 17.5, 8, 318.0, 140.0, 4080.0, 13.7, 78, 1, 2.2714285714285714, 510.0, 0.09785714285714285, 1.7125, LOW,
 30.0, 4, 98.0, 68.0, 2155.0, 16.5, 78, 1, 1.4411764705882353, 538.75, 0.2426470588235294, 4.125, LOW,
 27.5, 4, 134.0, 95.0, 2560.0, 14.2, 78, 3, 1.4105263157894736, 640.0, 0.14947368421052631, 3.55, LOW,
 27.2, 4, 119.0, 97.0, 2300.0, 14.7, 78, 3, 1.2268041237113403, 575.0, 0.1515463917525773, 3.675, LOW,
 30.9, 4, 105.0, 75.0, 2230.0, 14.5, 78, 1, 1.4, 557.5, 0.19333333333333333, 3.625, HIGH,
 21.1, 4, 134.0, 95.0, 2515.0, 14.8, 78, 3, 1.4105263157894736, 628.75, 0.15578947368421053, 3.7, LOW,
 23.2, 4, 156.0, 105.0, 2745.0, 16.7, 78, 1, 1.4857142857142858, 686.25, 0.15904761904761905, 4.175, LOW,
 23.8, 4, 151.0, 85.0, 2855.0, 17.6, 78, 1, 1.776470588235294, 713.75, 0.2070588235294118, 4.4, LOW,
 23.9, 4, 119.0, 97.0, 2405.0, 14.9, 78, 3, 1.2268041237113403, 601.25, 0.15360824742268042, 3.725, LOW,
 20.3, 5, 131.0, 103.0, 2830.0, 15.9, 78, 2, 1.2718446601941749, 566.0, 0.15436893203883495, 3.18, LOW,
 17.0, 6, 163.0, 125.0, 3140.0, 13.6, 78, 2, 1.304, 523.3333333333334, 0.1088, 2.2666666666666666, LOW,
 21.6, 4, 121.0, 115.0, 2795.0, 15.7, 78, 2, 1.0521739130434782, 698.75, 0.13652173913043478, 3.925, LOW,
 16.2, 6, 163.0, 133.0, 3410.0, 15.8, 78, 2, 1.2255639097744362, 568.3333333333334, 0.11879699248120301, 2.6333333333333333, LOW,
 31.5, 4, 89.0, 71.0, 1990.0, 14.9, 78, 2, 1.2535211267605635, 497.5, 0.20985915492957746, 3.725, HIGH,
 29.5, 4, 98.0, 68.0, 2135.0, 16.6, 78, 3, 1.4411764705882353, 533.75, 0.24411764705882355, 4.15, LOW,
 21.5, 6, 231.0, 115.0, 3245.0, 15.4, 79, 1, 2.008695652173913, 540.8333333333334, 0.13391304347826088, 2.566666666666667, LOW,
 19.8, 6, 200.0, 85.0, 2990.0, 18.2, 79, 1, 2.3529411764705883, 498.3333333333333, 0.21411764705882352, 3.033333333333333, LOW,
 22.3, 4, 140.0, 88.0, 2890.0, 17.3, 79, 1, 1.5909090909090908, 722.5, 0.1965909090909091, 4.325, LOW,
 20.2, 6, 232.0, 90.0, 3265.0, 18.2, 79, 1, 2.577777777777778, 544.1666666666666, 0.20222222222222222, 3.033333333333333, LOW,
 20.6, 6, 225.0, 110.0, 3360.0, 16.6, 79, 1, 2.0454545454545454, 560.0, 0.1509090909090909, 2.766666666666667, LOW,
 17.0, 8, 305.0, 130.0, 3840.0, 15.4, 79, 1, 2.3461538461538463, 480.0, 0.11846153846153847, 1.925, LOW,
 17.6, 8, 302.0, 129.0, 3725.0, 13.4, 79, 1, 2.3410852713178296, 465.625, 0.10387596899224806, 1.675, LOW,
 16.5, 8, 351.0, 138.0, 3955.0, 13.2, 79, 1, 2.5434782608695654, 494.375, 0.09565217391304347, 1.65, LOW,
 18.2, 8, 318.0, 135.0, 3830.0, 15.2, 79, 1, 2.3555555555555556, 478.75, 0.11259259259259259, 1.9, LOW,
 16.9, 8, 350.0, 155.0, 4360.0, 14.9, 79, 1, 2.2580645161290325, 545.0, 0.09612903225806452, 1.8625, LOW,
 15.5, 8, 351.0, 142.0, 4054.0, 14.3, 79, 1, 2.471830985915493, 506.75, 0.10070422535211268, 1.7875, LOW,
 19.2, 8, 267.0, 125.0, 3605.0, 15.0, 79, 1, 2.136, 450.625, 0.12, 1.875, LOW,
 18.5, 8, 360.0, 150.0, 3940.0, 13.0, 79, 1, 2.4, 492.5, 0.08666666666666667, 1.625, LOW,
 31.9, 4, 89.0, 71.0, 1925.0, 14.0, 79, 2, 1.2535211267605635, 481.25, 0.19718309859154928, 3.5, HIGH,
 34.1, 4, 86.0, 65.0, 1975.0, 15.2, 79, 3, 1.323076923076923, 493.75, 0.23384615384615384, 3.8, HIGH,
 35.7, 4, 98.0, 80.0, 1915.0, 14.4, 79, 1, 1.225, 478.75, 0.18, 3.6, HIGH,
 27.4, 4, 121.0, 80.0, 2670.0, 15.0, 79, 1, 1.5125, 667.5, 0.1875, 3.75, LOW,
 25.4, 5, 183.0, 77.0, 3530.0, 20.1, 79, 2, 2.3766233766233764, 706.0, 0.26103896103896107, 4.0200000000000005, LOW,
 23.0, 8, 350.0, 125.0, 3900.0, 17.4, 79, 1, 2.8, 487.5, 0.1392, 2.175, LOW,
 27.2, 4, 141.0, 71.0, 3190.0, 15.521969696969697, 79, 2, 1.9859154929577465, 797.5, 0.21861929150661544, 3.880492424242424, LOW,
 23.9, 8, 260.0, 90.0, 3420.0, 22.2, 79, 1, 2.888888888888889, 427.5, 0.24666666666666665, 2.775, LOW,
 34.2, 4, 105.0, 70.0, 2200.0, 13.2, 79, 1, 1.5, 550.0, 0.18857142857142856, 3.3, HIGH,
 34.5, 4, 105.0, 70.0, 2150.0, 14.9, 79, 1, 1.5, 537.5, 0.21285714285714286, 3.725, HIGH,
 31.8, 4, 85.0, 65.0, 2020.0, 19.2, 79, 3, 1.3076923076923077, 505.0, 0.29538461538461536, 4.8, HIGH,
 37.3, 4, 91.0, 69.0, 2130.0, 14.7, 79, 2, 1.318840579710145, 532.5, 0.21304347826086956, 3.675, HIGH,
 28.4, 4, 151.0, 90.0, 2670.0, 16.0, 79, 1, 1.6777777777777778, 667.5, 0.17777777777777778, 4.0, LOW,
 28.8, 6, 173.0, 115.0, 2595.0, 11.3, 79, 1, 1.5043478260869565, 432.5, 0.0982608695652174, 1.8833333333333335, LOW,
 26.8, 6, 173.0, 115.0, 2700.0, 12.9, 79, 1, 1.5043478260869565, 450.0, 0.11217391304347826, 2.15, LOW,
 33.5, 4, 151.0, 90.0, 2556.0, 13.2, 79, 1, 1.6777777777777778, 639.0, 0.14666666666666667, 3.3, HIGH,
 41.5, 4, 98.0, 76.0, 2144.0, 14.7, 80, 2, 1.2894736842105263, 536.0, 0.19342105263157894, 3.675, HIGH,
 38.1, 4, 89.0, 60.0, 1968.0, 18.8, 80, 3, 1.4833333333333334, 492.0, 0.31333333333333335, 4.7, HIGH,
 32.1, 4, 98.0, 70.0, 2120.0, 15.5, 80, 1, 1.4, 530.0, 0.22142857142857142, 3.875, HIGH,
 37.2, 4, 86.0, 65.0, 2019.0, 16.4, 80, 3, 1.323076923076923, 504.75, 0.2523076923076923, 4.1, HIGH,
 28.0, 4, 151.0, 90.0, 2678.0, 16.5, 80, 1, 1.6777777777777778, 669.5, 0.18333333333333332, 4.125, LOW,
 26.4, 4, 140.0, 88.0, 2870.0, 18.1, 80, 1, 1.5909090909090908, 717.5, 0.2056818181818182, 4.525, LOW,
 24.3, 4, 151.0, 90.0, 3003.0, 20.1, 80, 1, 1.6777777777777778, 750.75, 0.22333333333333336, 5.025, LOW,
 19.1, 6, 225.0, 90.0, 3381.0, 18.7, 80, 1, 2.5, 563.5, 0.20777777777777778, 3.1166666666666667, LOW,
 34.3, 4, 97.0, 78.0, 2188.0, 15.8, 80, 2, 1.2435897435897436, 547.0, 0.20256410256410257, 3.95, HIGH,
 29.8, 4, 134.0, 90.0, 2711.0, 15.5, 80, 3, 1.488888888888889, 677.75, 0.17222222222222222, 3.875, LOW,
 31.3, 4, 120.0, 75.0, 2542.0, 17.5, 80, 3, 1.6, 635.5, 0.23333333333333334, 4.375, HIGH,
 37.0, 4, 119.0, 92.0, 2434.0, 15.0, 80, 3, 1.2934782608695652, 608.5, 0.16304347826086957, 3.75, HIGH,
 32.2, 4, 108.0, 75.0, 2265.0, 15.2, 80, 3, 1.44, 566.25, 0.20266666666666666, 3.8, HIGH,
 46.6, 4, 86.0, 65.0, 2110.0, 17.9, 80, 3, 1.323076923076923, 527.5, 0.27538461538461534, 4.475, HIGH,
 27.9, 4, 156.0, 105.0, 2800.0, 14.4, 80, 1, 1.4857142857142858, 700.0, 0.13714285714285715, 3.6, LOW,
 40.8, 4, 85.0, 65.0, 2110.0, 19.2, 80, 3, 1.3076923076923077, 527.5, 0.29538461538461536, 4.8, HIGH,
 44.3, 4, 90.0, 48.0, 2085.0, 21.7, 80, 2, 1.875, 521.25, 0.45208333333333334, 5.425, HIGH,
 43.4, 4, 90.0, 48.0, 2335.0, 23.7, 80, 2, 1.875, 583.75, 0.49374999999999997, 5.925, HIGH,
 36.4, 5, 121.0, 67.0, 2950.0, 19.9, 80, 2, 1.8059701492537314, 590.0, 0.2970149253731343, 3.9799999999999995, HIGH,
 30.0, 4, 146.0, 67.0, 3250.0, 21.8, 80, 2, 2.1791044776119404, 812.5, 0.32537313432835824, 5.45, LOW,
 44.6, 4, 91.0, 67.0, 1850.0, 13.8, 80, 3, 1.3582089552238805, 462.5, 0.20597014925373136, 3.45, HIGH,
 40.9, 4, 85.0, 102.91214470284238, 1835.0, 17.3, 80, 2, 0.8259472217339995, 458.75, 0.16810455218821402, 4.325, HIGH,
 33.8, 4, 97.0, 67.0, 2145.0, 18.0, 80, 3, 1.4477611940298507, 536.25, 0.26865671641791045, 4.5, HIGH,
 29.8, 4, 89.0, 62.0, 1845.0, 15.3, 80, 2, 1.435483870967742, 461.25, 0.24677419354838712, 3.825, LOW,
 32.7, 6, 168.0, 132.0, 2910.0, 11.4, 80, 3, 1.2727272727272727, 485.0, 0.08636363636363636, 1.9000000000000001, HIGH,
 23.7, 3, 70.0, 100.0, 2420.0, 12.5, 80, 3, 0.7, 806.6666666666666, 0.125, 4.166666666666667, LOW,
 35.0, 4, 122.0, 88.0, 2500.0, 15.1, 80, 2, 1.3863636363636365, 625.0, 0.1715909090909091, 3.775, HIGH,
 23.6, 4, 140.0, 102.91214470284238, 2905.0, 14.3, 80, 1, 1.3603836593265874, 726.25, 0.13895347377407286, 3.575, LOW,
 32.4, 4, 107.0, 72.0, 2290.0, 17.0, 80, 3, 1.4861111111111112, 572.5, 0.2361111111111111, 4.25, HIGH,
 27.2, 4, 135.0, 84.0, 2490.0, 15.7, 81, 1, 1.6071428571428572, 622.5, 0.1869047619047619, 3.925, LOW,
 26.6, 4, 151.0, 84.0, 2635.0, 16.4, 81, 1, 1.7976190476190477, 658.75, 0.1952380952380952, 4.1, LOW,
 25.8, 4, 156.0, 92.0, 2620.0, 14.4, 81, 1, 1.6956521739130435, 655.0, 0.1565217391304348, 3.6, LOW,
 23.5, 6, 173.0, 110.0, 2725.0, 12.6, 81, 1, 1.5727272727272728, 454.1666666666667, 0.11454545454545455, 2.1, LOW,
 30.0, 4, 135.0, 84.0, 2385.0, 12.9, 81, 1, 1.6071428571428572, 596.25, 0.15357142857142858, 3.225, LOW,
 39.1, 4, 79.0, 58.0, 1755.0, 16.9, 81, 3, 1.3620689655172413, 438.75, 0.29137931034482756, 4.225, HIGH,
 39.0, 4, 86.0, 64.0, 1875.0, 16.4, 81, 1, 1.34375, 468.75, 0.25625, 4.1, HIGH,
 35.1, 4, 81.0, 60.0, 1760.0, 16.1, 81, 3, 1.35, 440.0, 0.26833333333333337, 4.025, HIGH,
 32.3, 4, 97.0, 67.0, 2065.0, 17.8, 81, 3, 1.4477611940298507, 516.25, 0.2656716417910448, 4.45, HIGH,
 37.0, 4, 85.0, 65.0, 1975.0, 19.4, 81, 3, 1.3076923076923077, 493.75, 0.29846153846153844, 4.85, HIGH,
 37.7, 4, 89.0, 62.0, 2050.0, 17.3, 81, 3, 1.435483870967742, 512.5, 0.27903225806451615, 4.325, HIGH,
 34.1, 4, 91.0, 68.0, 1985.0, 16.0, 81, 3, 1.338235294117647, 496.25, 0.23529411764705882, 4.0, HIGH,
 34.7, 4, 105.0, 63.0, 2215.0, 14.9, 81, 1, 1.6666666666666667, 553.75, 0.2365079365079365, 3.725, HIGH,
 34.4, 4, 98.0, 65.0, 2045.0, 16.2, 81, 1, 1.5076923076923077, 511.25, 0.24923076923076923, 4.05, HIGH,
 29.9, 4, 98.0, 65.0, 2380.0, 20.7, 81, 1, 1.5076923076923077, 595.0, 0.31846153846153846, 5.175, LOW,
 33.0, 4, 105.0, 74.0, 2190.0, 14.2, 81, 2, 1.4189189189189189, 547.5, 0.19189189189189187, 3.55, HIGH,
 34.5, 4, 100.0, 102.91214470284238, 2320.0, 15.8, 81, 2, 0.9717026138047054, 580.0, 0.15352901298114344, 3.95, HIGH,
 33.7, 4, 107.0, 75.0, 2210.0, 14.4, 81, 3, 1.4266666666666667, 552.5, 0.192, 3.6, HIGH,
 32.4, 4, 108.0, 75.0, 2350.0, 16.8, 81, 3, 1.44, 587.5, 0.224, 4.2, HIGH,
 32.9, 4, 119.0, 100.0, 2615.0, 14.8, 81, 3, 1.19, 653.75, 0.14800000000000002, 3.7, HIGH,
 31.6, 4, 120.0, 74.0, 2635.0, 18.3, 81, 3, 1.6216216216216217, 658.75, 0.2472972972972973, 4.575, HIGH,
 28.1, 4, 141.0, 80.0, 3230.0, 20.4, 81, 2, 1.7625, 807.5, 0.255, 5.1, LOW,
 30.7, 6, 145.0, 76.0, 3160.0, 19.6, 81, 2, 1.9078947368421053, 526.6666666666666, 0.2578947368421053, 3.266666666666667, HIGH,
 25.4, 6, 168.0, 116.0, 2900.0, 12.6, 81, 3, 1.4482758620689655, 483.3333333333333, 0.10862068965517241, 2.1, LOW,
 24.2, 6, 146.0, 120.0, 2930.0, 13.8, 81, 3, 1.2166666666666666, 488.3333333333333, 0.115, 2.3000000000000003, LOW,
 22.4, 6, 231.0, 110.0, 3415.0, 15.8, 81, 1, 2.1, 569.1666666666666, 0.14363636363636365, 2.6333333333333333, LOW,
 26.6, 8, 350.0, 105.0, 3725.0, 19.0, 81, 1, 3.3333333333333335, 465.625, 0.18095238095238095, 2.375, LOW,
 20.2, 6, 200.0, 88.0, 3060.0, 17.1, 81, 1, 2.272727272727273, 510.0, 0.19431818181818183, 2.85, LOW,
 17.6, 6, 225.0, 85.0, 3465.0, 16.6, 81, 1, 2.6470588235294117, 577.5, 0.19529411764705884, 2.766666666666667, LOW,
 28.0, 4, 112.0, 88.0, 2605.0, 19.6, 82, 1, 1.2727272727272727, 651.25, 0.22272727272727275, 4.9, LOW,
 27.0, 4, 112.0, 88.0, 2640.0, 18.6, 82, 1, 1.2727272727272727, 660.0, 0.2113636363636364, 4.65, LOW,
 34.0, 4, 112.0, 88.0, 2395.0, 18.0, 82, 1, 1.2727272727272727, 598.75, 0.20454545454545456, 4.5, HIGH,
 31.0, 4, 112.0, 85.0, 2575.0, 16.2, 82, 1, 1.3176470588235294, 643.75, 0.19058823529411764, 4.05, HIGH,
 29.0, 4, 135.0, 84.0, 2525.0, 16.0, 82, 1, 1.6071428571428572, 631.25, 0.19047619047619047, 4.0, LOW,
 27.0, 4, 151.0, 90.0, 2735.0, 18.0, 82, 1, 1.6777777777777778, 683.75, 0.2, 4.5, LOW,
 24.0, 4, 140.0, 92.0, 2865.0, 16.4, 82, 1, 1.5217391304347827, 716.25, 0.1782608695652174, 4.1, LOW,
 23.0, 4, 151.0, 102.91214470284238, 3035.0, 20.5, 82, 1, 1.467270946845105, 758.75, 0.1991990358299646, 5.125, LOW,
 36.0, 4, 105.0, 74.0, 1980.0, 15.3, 82, 2, 1.4189189189189189, 495.0, 0.20675675675675675, 3.825, HIGH,
 37.0, 4, 91.0, 68.0, 2025.0, 18.2, 82, 3, 1.338235294117647, 506.25, 0.2676470588235294, 4.55, HIGH,
 31.0, 4, 91.0, 68.0, 1970.0, 17.6, 82, 3, 1.338235294117647, 492.5, 0.25882352941176473, 4.4, HIGH,
 38.0, 4, 105.0, 63.0, 2125.0, 14.7, 82, 1, 1.6666666666666667, 531.25, 0.2333333333333333, 3.675, HIGH,
 36.0, 4, 98.0, 70.0, 2125.0, 17.3, 82, 1, 1.4, 531.25, 0.24714285714285716, 4.325, HIGH,
 36.0, 4, 120.0, 88.0, 2160.0, 14.5, 82, 3, 1.3636363636363635, 540.0, 0.16477272727272727, 3.625, HIGH,
 36.0, 4, 107.0, 75.0, 2205.0, 14.5, 82, 3, 1.4266666666666667, 551.25, 0.19333333333333333, 3.625, HIGH,
 34.0, 4, 108.0, 70.0, 2245.0, 16.9, 82, 3, 1.542857142857143, 561.25, 0.2414285714285714, 4.225, HIGH,
 38.0, 4, 91.0, 67.0, 1965.0, 15.0, 82, 3, 1.3582089552238805, 491.25, 0.22388059701492538, 3.75, HIGH,
 32.0, 4, 91.0, 67.0, 1965.0, 15.7, 82, 3, 1.3582089552238805, 491.25, 0.2343283582089552, 3.925, HIGH,
 38.0, 4, 91.0, 67.0, 1995.0, 16.2, 82, 3, 1.3582089552238805, 498.75, 0.2417910447761194, 4.05, HIGH,
 25.0, 6, 181.0, 110.0, 2945.0, 16.4, 82, 1, 1.6454545454545455, 490.8333333333333, 0.14909090909090908, 2.733333333333333, LOW,
 38.0, 6, 262.0, 85.0, 3015.0, 17.0, 82, 1, 3.0823529411764707, 502.5, 0.2, 2.8333333333333335, HIGH,
 26.0, 4, 156.0, 92.0, 2585.0, 14.5, 82, 1, 1.6956521739130435, 646.25, 0.15760869565217392, 3.625, LOW,
 22.0, 6, 232.0, 112.0, 2835.0, 14.7, 82, 1, 2.0714285714285716, 472.5, 0.13125, 2.4499999999999997, LOW,
 32.0, 4, 144.0, 96.0, 2665.0, 13.9, 82, 3, 1.5, 666.25, 0.14479166666666668, 3.475, HIGH,
 36.0, 4, 135.0, 84.0, 2370.0, 13.0, 82, 1, 1.6071428571428572, 592.5, 0.15476190476190477, 3.25, HIGH,
 27.0, 4, 151.0, 90.0, 2950.0, 17.3, 82, 1, 1.6777777777777778, 737.5, 0.19222222222222224, 4.325, LOW,
 27.0, 4, 140.0, 86.0, 2790.0, 15.6, 82, 1, 1.627906976744186, 697.5, 0.18139534883720929, 3.9, LOW,
 44.0, 4, 97.0, 52.0, 2130.0, 15.521969696969697, 82, 2, 1.8653846153846154, 532.5, 0.29849941724941725, 3.880492424242424, HIGH,
 32.0, 4, 135.0, 84.0, 2295.0, 11.6, 82, 1, 1.6071428571428572, 573.75, 0.1380952380952381, 2.9, HIGH,
 28.0, 4, 120.0, 79.0, 2625.0, 18.6, 82, 1, 1.518987341772152, 656.25, 0.23544303797468355, 4.65, LOW,
 31.0, 4, 119.0, 82.0, 2720.0, 19.4, 82, 1, 1.451219512195122, 680.0, 0.23658536585365852, 4.85, HIGH,
